Challenge 1,
,
Student,Results
Mr Brandon Jackson," math: 48,Spanish: 88,Biology: 65,Car Maintenance: 84,Carpentry: X,Business Studies: 72"
Ms Nicole Jones,"Writing Skills: 55,Journalism : 79,Spanish: 43,Car Maintenance: 86,Mathematics: 52,Geography: 51,Business Studies: 66,Economics: 90"
Ms Tilly Stewart,"English Literature: X,French: X,Spanish: 45,Drawing: X,History: X,Accounting : 83,Economics: 47"
Ms Alicia Walker,"English Grammar: 40,French: 77,Latin: 52,Spanish: 77,Chemistry: 50,Human Biology: 60,Photography: 48,History: 45,Economics: 78"
Ms Laura Khan,"English Grammar: 86,Writing Skills: 72,English Literature: 57,Biology: 55,Geography: 47,Accounting : 53,Computing: 52"
Mr Charlie Ross,"English Grammar: 57,Biology: 83,Carpentry: X,Photography: 60,Mathematics: 47,Geography: 63,Accounting : 57,Economics: X"
Mr Liam Grant,"Journalism : X,French: 41,Earth Science: 64,Car Maintenance: 83,Photography: 70,Geography: X,Accounting : X,Business Studies: X"
Mr Harrison Hart,"Greek: 45,Spanish: 39,Biology: 64,Chemistry: 84,Human Biology: 51,Car Maintenance: 76,Photography: 44,Algebra: 69,Mathematics: 55,Business Studies: 57"
Mr Benjamin Owen,"English Grammar: 74,Journalism : 56,Physics: 72,Photography: 75,Algebra: 79,Geography: 50,Accounting : 53,Business Studies: 88,Economics: 40"
Ms Rosie Robinson,"Chemistry: 88,Car Maintenance: 84,Carpentry: 82,Drawing: 40,Algebra: 40,Mathematics: 87,Accounting : 77"
Mr Sam Watson,"Writing Skills: 45,French: 81,Spanish: 87,Physics: 65,Human Biology: 87,Earth Science: 54,Photography: 62,Mathematics: 57,History: 90,Business Studies: 62"
Mr Reuben Scott,"English Grammar: 45,Spanish: 76,Earth Science: X,Car Maintenance: 90,Photography: 57,Algebra: 47,Computing: 48"
Ms Skye Williams,"French: 91,Latin: 47,Spanish: 89,Biology: 70,Physics: 80,Drawing: 41,Mathematics: 45,Geography: 57"
Mr Zachary Moore,"English Grammar: 69,Journalism : 65,Spanish: 73,Physics: 43,Car Maintenance: 40,Carpentry: 44,Drawing: 88,Algebra: 45"
Mr Bradley Wood,"English Grammar: 85,Journalism : 87,English Literature: 83,Chemistry: 47,Human Biology: 69,Car Maintenance: 49,Photography: 86,Algebra: 85,History: 53,Economics: 84"
Mr Joshua Holmes,"English Grammar: 39,Journalism : 61,Earth Science: 43,Geography: 48,History: 68,Business Studies: 51,Computing: 48,Economics: 86"
Mr Corey Green,"Writing Skills: 48,Biology: 82,Physics: 87,Human Biology: 44,Car Maintenance: 82,Drawing: 60,Photography: 79,Algebra: 57,Geography: 88,History: 46,Accounting : 88"
Mr Ethan Dean,"English Grammar: 76,Writing Skills: 50,French: X,Chemistry: 69,Physics: 52,Human Biology: 85,Photography: 59"
Mr Kian Thompson,"Writing Skills: 68,Latin: 84,Human Biology: 82,Photography: 56,Algebra: 44,History: 44,Business Studies: 56,Computing: 85"
Mr Noah Johnson,"Writing Skills: X,Journalism : X,English Literature: X,Spanish: 85,Car Maintenance: 91,Photography: 44,Mathematics: 83,Computing: X,Economics: 49"
Ms Lilly Watson,"Writing Skills: 85,English Literature: 45,Greek: 48,Spanish: 69,Biology: 65,Human Biology: 63,Carpentry: 69,Drawing: 60,Algebra: 59,Economics: 63"
Mr Tyler Pearson,"Journalism : 45,Biology: 47,Car Maintenance: 41,Drawing: 57,History: 54,Accounting : X,Business Studies: X,Economics: X"
Mr Alfie Saunders,"English Grammar: 76,Writing Skills: 59,English Literature: 77,Spanish: 69,Biology: 63,Chemistry: 74,Physics: 91,Drawing: 47,Photography: 88,Algebra: 67,Mathematics: 72,Geography: 66,Business Studies: 40"
Mr Owen Harper,"English Literature: 44,Latin: 83,Human Biology: 73,Car Maintenance: 72,Carpentry: 77,History: 73,Business Studies: 41"
Mr Oscar Lewis,"Writing Skills: 90,Biology: 39,Car Maintenance: 54,Carpentry: 81,History: 61,Accounting : 70,Business Studies: 72,Computing: 86,Economics: 46"
Mr Henry Williams,"English Grammar: 73,Writing Skills: 46,Biology: 70,Chemistry: 53,Human Biology: 50,Car Maintenance: 87,Photography: 85,Algebra: 81,Business Studies: 83"
Ms Alexandra Thompson,"English Grammar: 67,Writing Skills: 91,Greek: 54,Spanish: 45,Carpentry: 53,Drawing: 73,Mathematics: 66,Accounting : 61,Business Studies: 41"
Ms Lucy Campbell,"Writing Skills: 55,English Literature: 85,Carpentry: 90,Drawing: 43,Mathematics: 63,Accounting : 89"
Mr. Ethan Wells,"Journalism : 63,French: 54,Spanish: 61,Car Maintenance: 45,Carpentry: 67,Photography: 76,Geography: 71,History: 48,Accounting : 67"
Ms Mollie Jackson,"English Grammar: 61,Writing Skills: 60,English Literature: 82,Biology: 49,Earth Science: 57,Accounting : 57,Computing: 70"
Mr Callum Knight,"French: 89,Biology: 42,Car Maintenance: X,Carpentry: X,Photography: X,Algebra: 55,Geography: 61,History: 45,Business Studies: 49"
Ms Demi Taylor,"Latin: 91,Earth Science: 64,Car Maintenance: 46,Mathematics: 89,Geography: 76,Accounting : 82,Business Studies: 39,Computing: 77,Economics: 90"
Ms Millie Macdonald,"Writing Skills: X,Journalism : X,Spanish: 90,Biology: 45,Earth Science: 43,Drawing: 74,Algebra: 43,Business Studies: 72"
Mr. Joseph Fisher,"English Grammar: X,Writing Skills: X,Journalism : X,Physics: 65,Photography: 56,Mathematics: 62,Business Studies: X,Computing: X"
Mr. Jacob Spencer,"English Grammar: 81,Journalism : 65,English Literature: 86,Biology: 79,Human Biology: 42,Earth Science: 65,Accounting : 70,Computing: 43,Economics: 74"
Ms Hollie Robinson,"Journalism : 43,Biology: X,Chemistry: X,Physics: X,Earth Science: X,Photography: 45,Business Studies: 72,Economics: 63"
Ms Aimee Lewis,"Writing Skills: X,Chemistry: 52,Physics: 85,Earth Science: 65,Algebra: 48,Geography: 53,Computing: 82"
Mr. Daniel Williamson,"English Grammar: 86,Writing Skills: 90,Spanish: 91,Chemistry: 59,History: 79,Accounting : 74,Business Studies: 39"
Mr Luke Cole,"Writing Skills: 63,English Literature: 90,Chemistry: 54,Algebra: X,Mathematics: X,Accounting : 64,Computing: 60"
Ms Francesca Johnson,"Latin: X,Greek: X,Human Biology: 61,Drawing: 62,Photography: 90,Geography: 52,Accounting : 55,Business Studies: 82"
Mr Kai Wilson,"Spanish: 71,Chemistry: 63,Human Biology: 85,Car Maintenance: 68,Carpentry: 57,Mathematics: 51,Computing: 84"
Ms Ellie Allen,"French: 73,Chemistry: 86,Earth Science: 63,Car Maintenance: 51,Photography: X,Algebra: X,History: 74,Accounting : 82"
Mr Jack Powell,"Writing Skills: 53,Spanish: 60,Chemistry: 78,Physics: 60,Car Maintenance: 57,Photography: 68,Algebra: 70,Mathematics: 74,Geography: 57,History: 67,Accounting : 44,Economics: 84"
Ms Sienna Thompson,"English Grammar: 49,Writing Skills: 58,English Literature: 43,Latin: 57,Biology: 60,Chemistry: 51,Human Biology: 50,Earth Science: 91,Car Maintenance: 45,Mathematics: 47,History: 87,Computing: 78"
Ms Rachel Roberts,"Journalism : 65,Biology: 82,Human Biology: 86,Earth Science: 51,Car Maintenance: 64,Carpentry: 88,Photography: 77,Algebra: 91,Geography: 75,Computing: 90,Economics: 40"
Mr. Ryan Shah,"French: 65,Biology: 47,Physics: 77,Human Biology: 67,Car Maintenance: 45,Drawing: 70,Accounting : 72"
Mr Matthew Pearce,"Writing Skills: 88,English Literature: 87,Latin: 82,Chemistry: 86,Car Maintenance: 64,Drawing: 91,Economics: 56"
Ms Lara Graham,"French: 50,Biology: 45,Chemistry: 81,Human Biology: 60,Earth Science: 48,Mathematics: 57,Geography: 55,History: 58,Accounting : 77,Computing: 44"
Mr Hayden James,"English Literature: 65,Chemistry: 86,Drawing: 39,Algebra: 52,Accounting : X,Business Studies: 40,Economics: X"
Ms Emily Mitchell,"English Grammar: 90,English Literature: 61,Greek: 55,Carpentry: 63,Photography: 59,Mathematics: 61,History: 85,Accounting : 78"
Mr Leon Smith,"English Grammar: 53,Journalism : 48,Spanish: 68,Chemistry: 62,Car Maintenance: 39,Carpentry: 54,Mathematics: 59"
Ms Maddison Walker,"Writing Skills: X,Journalism : 69,English Literature: 52,French: X,Earth Science: 54,Mathematics: 45,Computing: 52"
Ms Harriet Evans,"Chemistry: 82,Physics: 42,Human Biology: 79,Car Maintenance: 52,Drawing: 84,Photography: 66,Geography: 55"
Mr. Lewis Chambers,"Spanish: 61,Biology: X,Chemistry: X,Physics: X,Earth Science: X,Photography: 52,Business Studies: 47"
Mr John Jones,"Car Maintenance: 87,Algebra: 64,Accounting : 80,Business Studies: 90,Computing: 58"
Ms Ruby Phillips,"English Grammar: X,Writing Skills: X,Journalism : X,English Literature: 62,Spanish: 57,Physics: 49,History: 86"
Mr. Harvey Smith,"English Grammar: 55,Writing Skills: 61,Biology: 78,Human Biology: 59,Drawing: 55,Algebra: 76,Geography: 66,Economics: 41"
Ms Lily Anderson,"Latin: 77,Physics: 85,Earth Science: X,Carpentry: 41,Photography: 42,Algebra: 76,Geography: 40"
Mr Harry Stevens,"English Grammar: 54,Writing Skills: 58,French: 59,Biology: 72,Earth Science: 81,Drawing: 81,Algebra: 58,Mathematics: 49,Accounting : 53,Computing: 61"
Mr Taylor King,"English Grammar: 81,Biology: 48,Physics: 70,Human Biology: 39,Geography: X,History: X,Business Studies: 78"
Mr Lewis Foster,"Writing Skills: 56,Human Biology: 49,Earth Science: 70,Car Maintenance: 72,Photography: 72,Algebra: 76,Computing: 90"
Mr Joel Jackson,"English Literature: 72,Biology: 57,Earth Science: 52,Car Maintenance: 76,Drawing: 58,Geography: 44,Computing: 61"
Mr. Liam Williams,"Latin: X,Greek: X,Chemistry: 86,Physics: 70,Earth Science: 89,Drawing: 91,Mathematics: 52,History: X"
Mr Morgan Morgan,"English Literature: 49,Spanish: 70,Earth Science: 42,Car Maintenance: X,Carpentry: X,Photography: X,Accounting : 70"
Ms Layla White,"English Grammar: 47,English Literature: 83,Car Maintenance: 71,Algebra: 39,Geography: 74,Accounting : 75,Computing: 79,Economics: 75"
Ms Morgan Smith,"English Grammar: X,Writing Skills: X,Journalism : 39,Accounting : 89,Business Studies: X,Computing: X"
Mr Finley Davies,"English Grammar: X,Spanish: X,Earth Science: X,Car Maintenance: X,Carpentry: X,Geography: 57,Business Studies: X,Economics: 40"
Mr. Samuel Andrews,"Journalism : 42,English Literature: 72,Latin: 84,Spanish: 48,Chemistry: 52,Physics: 75,Carpentry: 85,Algebra: 45,Mathematics: 73,History: 57"
Mr Jake Butler,"Writing Skills: 51,French: 75,Car Maintenance: 72,Photography: 63,Mathematics: 58,Accounting : 75,Computing: 67"
Mr Edward Davies,"English Grammar: 66,Writing Skills: 41,Journalism : 59,French: 75,Chemistry: 67,Physics: 64,Human Biology: 74,Carpentry: 71,Algebra: 62,Geography: 64"
Mr. Harry Armstrong,"Journalism : 53,Chemistry: 41,Earth Science: 64,Carpentry: 72,Mathematics: 73,Geography: 65,History: 78,Business Studies: 53"
Mr. Cameron Taylor,"English Grammar: 77,Journalism : 91,Biology: 88,Human Biology: 69,Earth Science: 45,Algebra: 88,Mathematics: 57,History: 46,Economics: 50"
Mr. Jake Webb,"Physics: 49,Earth Science: 76,Photography: 46,Algebra: 84,Mathematics: 86,Accounting : 71,Economics: 76"
Mr Sean Clark,"English Grammar: 56,English Literature: 59,Latin: 58,Greek: 77,Biology: 44,Physics: 80,Human Biology: 63,Earth Science: 51,History: 85,Business Studies: 44"
Mr Daniel Matthews,"English Literature: 45,Spanish: 68,Biology: 64,Physics: 40,Car Maintenance: 65,Carpentry: 79,Drawing: 81,Photography: 45,Geography: 59,History: 42,Accounting : 39"
Mr. Mohammed Poole,"English Literature: 82,Biology: 81,Physics: 43,Human Biology: 41,Mathematics: 79,History: 70,Computing: 83,Economics: 46"
Ms Evie Hamilton,"English Grammar: 62,Journalism : 72,English Literature: 85,French: 83,Greek: 71,Spanish: 64,Biology: 41,Earth Science: 39,Car Maintenance: 72,History: 89,Accounting : 55,Business Studies: 72"
Mr Finlay Brown,"French: 70,Physics: 62,Car Maintenance: 69,Drawing: X,Photography: X,Mathematics: 72,History: 65"
Mr Christopher Lee,"Writing Skills: 64,Spanish: 83,Biology: 46,Chemistry: 63,Human Biology: 91,Car Maintenance: 74,Carpentry: 58,Drawing: 52,Photography: 43,Mathematics: 80,Accounting : 44,Business Studies: 73,Computing: 46"
Mr Cameron Dixon,"Journalism : 76,Chemistry: 61,Human Biology: 68,Geography: 59,History: 78,Business Studies: 75,Computing: 58"
Ms Ella Cook,"English Literature: 50,Human Biology: 65,Earth Science: 55,Car Maintenance: 41,Drawing: 89,Economics: 50"
Mr Ellis Williams,"Journalism : 48,English Literature: 80,French: 53,Latin: 80,Human Biology: 53,Geography: 40,Economics: 83"
Ms Chloe Adams,"English Grammar: 83,Writing Skills: 41,Physics: 41,Human Biology: 58,Carpentry: 61,Business Studies: 74"
Mr. Dylan Atkinson,"English Grammar: 73,Biology: 85,Chemistry: 79,Earth Science: 84,Drawing: 39,Photography: 65,Geography: 51,History: 69,Computing: 58"
Mr Samuel Thomson,"Writing Skills: 68,English Literature: 85,Biology: 80,Chemistry: X,Physics: X,Human Biology: X,Car Maintenance: 48,Algebra: 62"
Ms Eva Taylor,"English Grammar: 63,English Literature: 83,Biology: 72,Chemistry: 60,Physics: 82,Earth Science: 68,Car Maintenance: 44,Drawing: 89,Algebra: 79,Mathematics: 63,Accounting : 74,Economics: 90"
Mr. Oliver Dawson,"Spanish: 84,Biology: 84,Human Biology: 41,Algebra: 74,Mathematics: 76,Geography: 81,History: 64,Accounting : 43,Business Studies: 90,Economics: 91"
Ms Abbie Davies,"English Grammar: 48,Writing Skills: 39,Journalism : 54,Biology: 86,Chemistry: 82,Physics: 75,Geography: 51,Accounting : 62,Computing: 78"
Ms Isabella Carr,"Journalism : 75,English Literature: 41,Spanish: X,Photography: 85,Algebra: X,History: 78"
Mr Lucas Walker,"Writing Skills: 51,English Literature: 63,Biology: 70,Photography: 90,Accounting : 57,Economics: 67"
Ms Madeleine Jackson,"French: 89,Spanish: 62,Chemistry: 85,Carpentry: 72,Algebra: 53,History: 41,Business Studies: 81,Economics: 90"
Mr Michael Evans,"Journalism : 73,French: 57,Chemistry: 69,Earth Science: 76,Car Maintenance: 71,Computing: 47"
Mr. Callum Cunningham,"Writing Skills: 63,French: 76,Biology: 69,Human Biology: 69,Car Maintenance: 69,Algebra: 84,Business Studies: 85"
Mr William Hunter,"Journalism : 79,Physics: 77,Earth Science: 54,Car Maintenance: 72,Photography: 76,Algebra: 68,Geography: 46,Economics: 78"
Ms Martha Reid,"French: 62,Chemistry: 78,Physics: 88,Human Biology: 53,Earth Science: 57,Geography: 66,History: 73,Accounting : 50,Economics: 83"
Ms Katie Shah,"Latin: X,Greek: X,Physics: 52,Human Biology: 42,Earth Science: 55,History: X,Accounting : 39"
Mr Evan Cooper,"English Grammar: X,Writing Skills: X,Journalism : 55,Drawing: 80,Algebra: 57,Geography: 73"
Ms Shannon White,"English Grammar: 65,Writing Skills: X,Chemistry: 87,History: 61,Business Studies: X,Computing: 68,Economics: X"
Mr Reece Jones,"English Grammar: 77,Writing Skills: 57,Journalism : 48,English Literature: 63,French: 46,Human Biology: 65,Geography: 91,Computing: 43"
Mr Riley Roberts,"Writing Skills: X,Journalism : X,English Literature: X,Greek: 50,Biology: 45,Earth Science: 71,Photography: 65,Accounting : 42"
Mr Ben Brooks,"Journalism : 45,Physics: 82,Earth Science: 82,Drawing: 88,Mathematics: 73,Geography: 77,History: 57"
Ms Isla Jones,"English Grammar: 48,Journalism : 69,English Literature: 47,Biology: 68,Human Biology: 53,Carpentry: 83,Photography: 74,Geography: 52"
Mr. Max Jones,"English Literature: 44,French: 62,Latin: 66,Greek: 54,Physics: 87,Mathematics: 58"
Mr Isaac Smith,"Writing Skills: 82,Journalism : 50,English Literature: 50,Spanish: 79,Biology: 44,Algebra: 73,Mathematics: 65,Economics: 68"
Ms Sophie Patel,"English Literature: 43,Biology: 90,Human Biology: 64,Algebra: 44,Mathematics: 86,Accounting : 91,Business Studies: 86,Computing: 80"
Mr Charles Thompson,"Journalism : 83,French: 40,Spanish: 78,Biology: 70,Carpentry: 79,Mathematics: 59,Economics: 70"
Mr Aidan Martin,"English Grammar: 78,Writing Skills: 44,Journalism : 88,French: 65,Earth Science: 59,Drawing: 43,Algebra: 62,Mathematics: 57,Geography: 45,Economics: 54"
Mr Dylan Gibson,"Writing Skills: 39,French: 53,Earth Science: 57,Drawing: 41,History: X,Accounting : 90,Computing: X,Economics: X"
Mr Muhammad Thomas,"Chemistry: 89,Carpentry: 42,Drawing: 86,Photography: 69,Geography: 73,Computing: 64"
Mr Max Booth,"English Literature: 78,French: 91,Latin: 61,Chemistry: 83,Physics: 39,Human Biology: 77,Earth Science: 81,Car Maintenance: 54,Photography: 59"
Mr Frederick Hall,"Journalism : 61,French: 82,Physics: 49,History: 52,Accounting : 67,Economics: 67"
Ms Jessica Carter,"Writing Skills: 43,French: 49,Biology: 61,Earth Science: 53,Carpentry: 74,Drawing: 66,Algebra: 68,Mathematics: 39"
Ms Maya Wilson,"Chemistry: 55,Human Biology: 65,Earth Science: X,Carpentry: X,Geography: 45,Computing: X"
Mr Robert Taylor,"Biology: 88,Car Maintenance: 56,Carpentry: 52,Drawing: 43,History: 51,Economics: 41"
Mr. Owen Kelly,"Journalism : 45,Biology: 52,Chemistry: 63,Carpentry: 60,Geography: 82,Business Studies: 87"
Mr Oliver Rogers,"English Grammar: X,Journalism : X,French: 71,Chemistry: 86,Drawing: 77,Mathematics: X,History: 40,Accounting : 67"
Mr Dominic Edwards,"Writing Skills: 83,Spanish: 59,Chemistry: 44,Human Biology: 52,Earth Science: 63,Car Maintenance: 59,Carpentry: 55,Photography: 74,Algebra: 77"
Mr Leo Lane,"Writing Skills: 71,Journalism : 49,Physics: 44,Earth Science: 71,Carpentry: 48,Mathematics: 42,Geography: 83"
Ms Eve Johnson,"English Grammar: 52,Journalism : X,Spanish: 60,Human Biology: 89,Geography: X,Accounting : 76,Computing: X,Economics: X"
Mr Jay Hughes,"French: 72,Earth Science: 60,Carpentry: 71,Algebra: 50,Computing: 70,Economics: 48"
Mr Archie Brown,"Journalism : 55,French: 62,Greek: 55,Spanish: 53,Chemistry: 73,Car Maintenance: 55,History: 40,Accounting : 55,Business Studies: 50,Computing: 44"
Mr Freddie Johnson,"English Grammar: X,English Literature: X,Car Maintenance: 76,Algebra: 76,Mathematics: 43,History: X,Accounting : X,Business Studies: 45"
Mr Aaron Wilson,"Journalism : 71,Latin: 85,Spanish: 80,Biology: 59,Human Biology: 68,Carpentry: 43,Business Studies: 79,Computing: 62"
Mr Rhys Robinson,"English Grammar: X,Journalism : X,French: 43,Spanish: 75,Drawing: 60,Geography: 78,Accounting : X,Computing: X"
Mr Louis Watson,"English Grammar: 40,French: 49,Latin: 57,Greek: 49,Human Biology: 84,Photography: 67,Geography: 78,Business Studies: 73"
Mr. Thomas West,"English Grammar: 78,Writing Skills: 69,Journalism : 67,Biology: 41,Physics: 62,Car Maintenance: 87,Drawing: 62,Geography: 57,Business Studies: 41,Economics: 61"
Mr. Tyler Blanc,"Spanish: 88,Physics: 55,Car Maintenance: 51,Carpentry: 45,Photography: 68,Geography: 70,History: 63,Accounting : 61,Computing: 88"
Mr Andrew Young,"English Grammar: 44,Biology: 83,Chemistry: 58,Earth Science: 91,Photography: 42,Geography: 67"
Mr Elliot Clarke,"English Grammar: X,Writing Skills: X,Human Biology: X,Earth Science: 76,Drawing: 49,Geography: X,Accounting : X,Business Studies: X,Economics: X"
Mr Adam Barnes,"Biology: 62,Carpentry: 56,Algebra: 87,Mathematics: 54,Accounting : 55"
Mr David Lewis,"English Literature: 64,Biology: 43,Human Biology: 58,Car Maintenance: 62,Drawing: 57,Photography: 68,Mathematics: 76,Economics: 53"
Ms Amelia Lee,"English Literature: 69,French: 54,Spanish: 59,Earth Science: 68,Algebra: 51,Computing: 87"
Mr Kieran Taylor,"Journalism : 79,English Literature: 77,Chemistry: 55,Physics: 77,Earth Science: 54,Drawing: 39,Photography: 44,Algebra: 50,History: 87,Accounting : 76,Computing: 82"
Mr Ewan Ward,"English Literature: 44,Mathematics: 86,Geography: 72,Business Studies: 60,Computing: 72"
Ms Grace Turner,"English Literature: X,Biology: 47,Chemistry: 76,Earth Science: 61,Drawing: 76,Mathematics: X,Geography: X,Business Studies: X"
Mr George Kennedy,"Writing Skills: 53,Biology: 80,Chemistry: 74,Earth Science: 78,Car Maintenance: 69,Carpentry: 72,Photography: 76,Mathematics: 80,Economics: 74"
Mr James Walsh,"Journalism : 41,English Literature: 42,Spanish: X,Physics: 74,Human Biology: X,Car Maintenance: 85,Algebra: 46,Geography: 54"
Ms Amy Ryan,"Writing Skills: 49,Journalism : 43,French: 41,Physics: 62,Human Biology: 49,Drawing: 88,Photography: 78,Geography: 50,History: 73,Economics: 53"
Mr Mohammad Wood,"Writing Skills: 69,Chemistry: 71,Mathematics: 73,History: 72,Accounting : 53,Business Studies: 58,Economics: 40"
Mr. Charlie Barker,"English Grammar: 59,Writing Skills: 88,Physics: 66,Human Biology: 56,Photography: 69,Algebra: 49,Mathematics: 69,Accounting : 39,Economics: 47"
Mr Theo Hill,"Latin: 90,Human Biology: 86,History: 61,Accounting : 47,Computing: 75,Economics: 47"
Mr Luca Khan,"English Grammar: 58,Writing Skills: 49,Journalism : 87,French: 69,Spanish: 64,Carpentry: 79,Computing: 46"
Mr Sebastian Harrison,"English Grammar: 78,Journalism : 75,Spanish: X,Chemistry: 44,History: X,Business Studies: X,Economics: X"
Mr Jacob Harvey,Computing: 74
Ms Mia Patel,"Journalism : 66,English Literature: 70,Spanish: 72,Physics: 77,Earth Science: 74,Car Maintenance: X,Carpentry: X,History: X"
Mr Harvey Kaur,"Journalism : 90,French: 49,Carpentry: 41,Drawing: 56,Mathematics: 58,Geography: 56,Accounting : 69"
Mr Joe Brown,"Journalism : 55,French: 88,Latin: 50,Spanish: 87,Biology: 91,Chemistry: 42,Physics: 64,Human Biology: 85,Algebra: 88,Computing: 51"
Mr. Adam Rodriguez,"Spanish: 46,Human Biology: 39,Car Maintenance: 76,Drawing: 69,Photography: 60,Algebra: 83,Mathematics: 49,Business Studies: 86,Computing: 63"
Mr Jamie Gordon,"English Grammar: 87,Latin: 47,Chemistry: 56,Human Biology: 45,Car Maintenance: 79,Carpentry: 47,Drawing: 58,Accounting : 60,Business Studies: 59,Computing: 79"
Mr Billy Wright,"Writing Skills: 58,Greek: 57,Physics: 63,Drawing: 76,Geography: 63,Accounting : 65"
Mr. Alexander Lawson,"English Grammar: 79,Writing Skills: 57,Journalism : 82,French: 50,Spanish: 60,Physics: 89,Car Maintenance: 83,Carpentry: 39,Accounting : 79,Business Studies: 44,Computing: 87,Economics: 87"
Ms Zoe Smith,"Latin: 74,Spanish: 75,Mathematics: 62,Geography: 75,History: 88,Business Studies: 79,Economics: 63"
Mr Thomas Palmer,"English Grammar: 48,French: 65,Greek: 74,Carpentry: 61,Photography: 59,Geography: 75,Computing: 53"
Ms Hannah Gonzalez,"Journalism : 57,French: 53,Chemistry: 59,Car Maintenance: 58,Algebra: 40,Geography: 47"
Mr. Alfie Lawrence,"English Grammar: 75,English Literature: 40,French: 64,Spanish: 89,Photography: 50,Mathematics: 49,Business Studies: 61"
Mr. James Gardner,"Writing Skills: 79,Journalism : 54,English Literature: 82,Chemistry: 91,Carpentry: 72,Drawing: 69,History: 68,Accounting : 80"
Mr Harley Walker,"Journalism : 40,Biology: 52,Human Biology: 60,Carpentry: 42,Mathematics: 41,Geography: 41,History: 62,Business Studies: 91"
Mr Alex Williams,"Journalism : 86,Spanish: 49,Earth Science: 81,Photography: 65,Mathematics: 58,Geography: 79,Accounting : 39,Business Studies: 87,Computing: 82"
Mr. Jack Johnston,"Journalism : 89,Spanish: 39,Biology: 45,Drawing: X,Mathematics: 84,Geography: 82"
Ms Zara Thomas,"French: 66,Spanish: 89,Chemistry: 80,Physics: 91,Human Biology: 40,Carpentry: 61,History: 79"
Mr Alexander Mills,"French: 43,Spanish: 71,Earth Science: 90,Carpentry: 47,Accounting : 61,Computing: 68,Economics: 80"
Ms Eloise Murray,"English Literature: 48,Spanish: 91,Chemistry: 81,Drawing: 67,Mathematics: 48,Geography: 61,Accounting : 68"
Mr Ryan Berry,"Writing Skills: 81,Spanish: 47,Chemistry: 47,Carpentry: 64,Photography: 50,Mathematics: 67"
Mr. Matthew Jenkins,"English Grammar: 69,English Literature: 81,Human Biology: 39,Algebra: 50,Geography: 63,Economics: 85"
Ms Natasha Watson,"Journalism : 65,Chemistry: 88,Physics: 84,Human Biology: 78,Earth Science: 82,Photography: 73,Accounting : 61,Computing: 60"
Mr Joseph Mason,"Chemistry: 78,Human Biology: 58,Car Maintenance: X,Carpentry: X,Business Studies: X,Computing: 48,Economics: 57"
Mr. Connor Simpson,"Writing Skills: 51,Journalism : 60,French: 62,Physics: 70,Earth Science: 47,Car Maintenance: 41,Drawing: 44,Mathematics: 80,Accounting : 60"
Ms Matilda Wood,"English Literature: 59,French: 55,Latin: 46,Spanish: 64,Human Biology: 87,History: 64,Economics: 69"
Mr Gabriel Morris,"Writing Skills: 70,Journalism : 79,Greek: 72,Biology: 85,Geography: 87,Computing: 68"
Mr Ashton Harris,"French: 87,Physics: 56,Car Maintenance: 44,Algebra: 76,Computing: 83"
Ms Charlotte Singh,"Biology: 50,Human Biology: 62,Drawing: X,Photography: X,Mathematics: X,Geography: 89"
Mr. Joshua Gill,"French: 63,Physics: 84,Human Biology: 84,Earth Science: 75,Car Maintenance: 64,Economics: 79"
Mr Connor Ali,"Journalism : 74,English Literature: 76,French: 69,Spanish: 63,Biology: 70,Physics: 39,Carpentry: 59,Geography: 63,History: 80,Computing: 78"
Mr. George Watts,"Latin: 84,Chemistry: 84,Earth Science: 84,Drawing: 67,Accounting : X,Business Studies: X,Economics: 83"
Mr. Luke Bradley,"Journalism : 70,Latin: 75,Greek: 75,Biology: 78,Chemistry: 77,Physics: 75,Mathematics: 47,Accounting : 47"
Mr Nathan Mcdonald,"English Grammar: 39,Journalism : 55,Greek: 67,Car Maintenance: 53,Photography: 85,Algebra: 83,Mathematics: 56,History: 43,Economics: 90"
Mr. Leo Davies,"Writing Skills: 49,French: 55,Biology: 62,Chemistry: 81,Carpentry: 61,Mathematics: 84,Accounting : 54"
Mr Jayden Robinson,"French: 83,Spanish: 70,Biology: 84,Human Biology: 65,Mathematics: 81,Geography: 67"
Mr. Jamie Brown,"Journalism : 50,French: 80,Greek: 75,Biology: X,Photography: 69,Computing: X,Economics: 53"
Mr. William Stone,"English Grammar: 57,English Literature: 72,Biology: 40,Carpentry: 47,Drawing: X,Business Studies: 82"
Mr. Benjamin George,"Journalism : 83,Greek: 61,Chemistry: 61,Human Biology: 89,Car Maintenance: 80,Drawing: 50,Geography: 83,History: 77,Economics: 64"
Mr Kyle Roberts,"Journalism : 67,Chemistry: 49,Physics: 61,Human Biology: 73,Drawing: 40,Photography: 53,Mathematics: 44"
Mr Logan Thomas,"Biology: 40,Chemistry: 50,Car Maintenance: 44,Algebra: 47,Accounting : 91,Economics: 77"
Mr Mohammed Hudson,"Journalism : 57,Physics: 45,Car Maintenance: 60,Geography: 60,Business Studies: 44,Computing: 77,Economics: 61"
Ms Amelie Brown,"Writing Skills: 81,English Literature: 82,French: 86,Chemistry: 51,Physics: 85,Drawing: 81,Algebra: 72,Mathematics: 63,Geography: 84,Economics: 87"
Ms Lydia Lewis,"Journalism : 54,Spanish: 70,Chemistry: 42,Earth Science: 84,Photography: 60,Algebra: 86,Mathematics: 59,Economics: 90"
Mr Bailey White,"French: 78,Latin: 46,Spanish: 87,Physics: 89,Geography: 74,History: 50,Accounting : 77,Business Studies: 56"
Mr Toby White,"English Grammar: 81,Writing Skills: 50,French: 47,Spanish: X,Human Biology: 40,Car Maintenance: 91,Carpentry: 39,History: 72,Business Studies: 75"
Mr Mason Evans,"Biology: 42,Human Biology: 69,Car Maintenance: 57,Drawing: 89,Photography: 43,Geography: 83,Computing: 71"
Ms Sofia Wood,"Biology: 86,Earth Science: 46,Car Maintenance: 42,Drawing: 71,Algebra: 52,History: 48,Accounting : 85"
Ms Megan Lee,"English Literature: X,Biology: 88,Chemistry: 59,Physics: 86,Carpentry: 43,Algebra: X,History: 80,Economics: 53"
